[
{"product_name": [], "product_price": [], "product_imagelink": []}
][
{"product_name": ["Want to capture stunning photos on your next trip? Try these top camera smartphones", "Smooth and stunning", "Samsung Galaxy S20 FE 5G (Cloud Navy, 8GB RAM, 128GB Storage) with No Cost EMI & Additional Exchange Offers", "4K videos", "New Apple iPhone 12 Pro (128GB) - Graphite", "Great shots", "Samsung Galaxy A70s (Prism Crush Red, 8GB RAM, 128GB Storage)"], "product_price": ["8,999", "11,499", "12,499", "49,990", "94,900", "28,990", "9,499", "6,999", "9,499", "12,990", "9,499", "8,999", "13,499", "11,499", "11,499", "9,499", "15,499", "6,999", "13,990"], "product_imagelink": ["<img alt=\"Mobile Insider by amazon.in | Exclusive content partner Digit.in\" src=\"https://images-na.ssl-images-amazon.com/images/G/31/img20/Wireless/MobileInsider/June/10th/420x420_5._CB429051440_QL95_SY80_.jpg\" class=\"s-image\">", "<img class=\"s-image\" src=\"https://m.media-amazon.com/images/I/71djAn3nxoL._AC_UY218_.jpg\" srcset=\"https://m.media-amazon.com/images/I/71djAn3nxoL._AC_UY218_.jpg 1x, https://m.media-amazon.com/images/I/71djAn3nxoL._AC_UY327_QL65_.jpg 1.5x, https://m.media-amazon.com/images/I/71djAn3nxoL._AC_UY436_QL65_.jpg 2x, https://m.media-amazon.com/images/I/71djAn3nxoL._AC_UY545_QL65_.jpg 2.5x, https://m.media-amazon.com/images/I/71djAn3nxoL._AC_UY654_QL65_.jpg 3x\" alt=\"realme narzo 50i (Carbon Black, 4GB RAM+64GB Storage) - with No Cost EMI/Additional Exchange Offers\" data-image-index=\"1\" data-image-load=\"\" data-image-latency=\"s-product-image\" data-image-source-density=\"1\">", "<img class=\"s-image\" src=\"https://m.media-amazon.com/images/I/71r69Y7BSeL._AC_UY218_.jpg\" srcset=\"https://m.media-amazon.com/images/I/71r69Y7BSeL._AC_UY218_.jpg 1x, https://m.media-amazon.com/images/I/71r69Y7BSeL._AC_UY327_QL65_.jpg 1.5x, https://m.media-amazon.com/images/I/71r69Y7BSeL._AC_UY436_QL65_.jpg 2x, https://m.media-amazon.com/images/I/71r69Y7BSeL._AC_UY545_QL65_.jpg 2.5x, https://m.media-amazon.com/images/I/71r69Y7BSeL._AC_UY654_QL65_.jpg 3x\" alt=\"Samsung Galaxy M12 (Blue,4GB RAM, 64GB Storage) 6000 mAh with 8nm Processor | True 48 MP Quad Camera | 90Hz Refresh Rate\" data-image-index=\"2\" data-image-load=\"\" data-image-latency=\"s-product-image\" data-image-source-density=\"1\">", "<img class=\"s-image\" src=\"https://m.media-amazon.com/images/I/817clKAKcqL._AC_UY218_.jpg\" srcset=\"https://m.media-amazon.com/images/I/817clKAKcqL._AC_UY218_.jpg 1x, https://m.media-amazon.com/images/I/817clKAKcqL._AC_UY327_QL65_.jpg 1.5x, https://m.media-amazon.com/images/I/817clKAKcqL._AC_UY436_QL65_.jpg 2x, https://m.media-amazon.com/images/I/817clKAKcqL._AC_UY545_QL65_.jpg 2.5x, https://m.media-amazon.com/images/I/817clKAKcqL._AC_UY654_QL65_.jpg 3x\" alt=\"Redmi 10 Prime (Phantom Black 4GB RAM 64GB | Helio G88 with extendable RAM Upto 2GB | FHD+ 90Hz Adaptive Sync Display)\" data-image-index=\"3\" data-image-load=\"\" data-image-latency=\"s-product-image\" data-image-source-density=\"1\">", "<img class=\"s-image\" src=\"https://m.media-amazon.com/images/I/81vDZyJQ-4L._AC_UL320_.jpg\" srcset=\"https://m.media-amazon.com/images/I/81vDZyJQ-4L._AC_UL320_.jpg 1x, https://m.media-amazon.com/images/I/81vDZyJQ-4L._AC_UL480_QL65_.jpg 1.5x, https://m.media-amazon.com/images/I/81vDZyJQ-4L._AC_UL640_QL65_.jpg 2x, https://m.media-amazon.com/images/I/81vDZyJQ-4L._AC_UL800_QL65_.jpg 2.5x, https://m.media-amazon.com/images/I/81vDZyJQ-4L._AC_UL960_QL65_.jpg 3x\" alt=\"Samsung Galaxy S20 FE 5G (Cloud Navy, 8GB RAM, 128GB Storage) with No Cost EMI &amp; Additional Exchange Offers\" data-image-index=\"1\" data-image-load=\"\" data-image-latency=\"s-product-image\" data-image-source-density=\"1\">", "<img class=\"s-image\" src=\"https://m.media-amazon.com/images/I/71YlH-4MUQL._AC_UL320_.jpg\" srcset=\"https://m.media-amazon.com/images/I/71YlH-4MUQL._AC_UL320_.jpg 1x, https://m.media-amazon.com/images/I/71YlH-4MUQL._AC_UL480_QL65_.jpg 1.5x, https://m.media-amazon.com/images/I/71YlH-4MUQL._AC_UL640_QL65_.jpg 2x, https://m.media-amazon.com/images/I/71YlH-4MUQL._AC_UL800_QL65_.jpg 2.5x, https://m.media-amazon.com/images/I/71YlH-4MUQL._AC_UL960_QL65_.jpg 3x\" alt=\"New Apple iPhone 12 Pro (128GB) - Graphite\" data-image-index=\"2\" data-image-load=\"\" data-image-latency=\"s-product-image\" data-image-source-density=\"1\">", "<img class=\"s-image\" src=\"https://m.media-amazon.com/images/I/41ekkfTBh7L._AC_UL320_.jpg\" srcset=\"https://m.media-amazon.com/images/I/41ekkfTBh7L._AC_UL320_.jpg 1x, https://m.media-amazon.com/images/I/41ekkfTBh7L._AC_UL480_QL65_.jpg 1.5x, https://m.media-amazon.com/images/I/41ekkfTBh7L._AC_UL640_QL65_.jpg 2x, https://m.media-amazon.com/images/I/41ekkfTBh7L._AC_UL800_QL65_.jpg 2.5x, https://m.media-amazon.com/images/I/41ekkfTBh7L._AC_UL960_QL65_.jpg 3x\" alt=\"Samsung Galaxy A70s (Prism Crush Red, 8GB RAM, 128GB Storage)\" data-image-index=\"3\" data-image-load=\"\" data-image-latency=\"s-product-image\" data-image-source-density=\"1\">", "<img class=\"s-image\" src=\"https://m.media-amazon.com/images/I/81aWyRY67SS._AC_UY218_.jpg\" srcset=\"https://m.media-amazon.com/images/I/81aWyRY67SS._AC_UY218_.jpg 1x, https://m.media-amazon.com/images/I/81aWyRY67SS._AC_UY327_QL65_.jpg 1.5x, https://m.media-amazon.com/images/I/81aWyRY67SS._AC_UY436_QL65_.jpg 2x, https://m.media-amazon.com/images/I/81aWyRY67SS._AC_UY545_QL65_.jpg 2.5x, https://m.media-amazon.com/images/I/81aWyRY67SS._AC_UY654_QL65_.jpg 3x\" alt=\"Tecno Spark 7T(Jewel Blue, 4GB RAM, 64GB Storage) 6000 mAh Battery| 48 MP AI Dual Rear Camera\" data-image-index=\"4\" data-image-load=\"\" data-image-latency=\"s-product-image\" data-image-source-density=\"1\">", "<img class=\"s-image\" src=\"https://m.media-amazon.com/images/I/71sxlhYhKWL._AC_UY218_.jpg\" srcset=\"https://m.media-amazon.com/images/I/71sxlhYhKWL._AC_UY218_.jpg 1x, https://m.media-amazon.com/images/I/71sxlhYhKWL._AC_UY327_QL65_.jpg 1.5x, https://m.media-amazon.com/images/I/71sxlhYhKWL._AC_UY436_QL65_.jpg 2x, https://m.media-amazon.com/images/I/71sxlhYhKWL._AC_UY545_QL65_.jpg 2.5x, https://m.media-amazon.com/images/I/71sxlhYhKWL._AC_UY654_QL65_.jpg 3x\" alt=\"Redmi 9A (Nature Green, 2GB RAM, 32GB Storage) | 2GHz Octa-core Helio G25 Processor | 5000 mAh Battery\" data-image-index=\"5\" data-image-load=\"\" data-image-latency=\"s-product-image\" data-image-source-density=\"1\">", "<img class=\"s-image\" src=\"https://m.media-amazon.com/images/I/71A9Vo1BatL._AC_UY218_.jpg\" srcset=\"https://m.media-amazon.com/images/I/71A9Vo1BatL._AC_UY218_.jpg 1x, https://m.media-amazon.com/images/I/71A9Vo1BatL._AC_UY327_QL65_.jpg 1.5x, https://m.media-amazon.com/images/I/71A9Vo1BatL._AC_UY436_QL65_.jpg 2x, https://m.media-amazon.com/images/I/71A9Vo1BatL._AC_UY545_QL65_.jpg 2.5x, https://m.media-amazon.com/images/I/71A9Vo1BatL._AC_UY654_QL65_.jpg 3x\" alt=\"Redmi 9 (Sporty Orange, 4GB RAM, 64GB Storage) | 2.3GHz Mediatek Helio G35 Octa core Processor\" data-image-index=\"6\" data-image-load=\"\" data-image-latency=\"s-product-image\" data-image-source-density=\"1\">", "<img class=\"s-image\" src=\"https://m.media-amazon.com/images/I/61CnyJ-IbML._AC_UY218_.jpg\" srcset=\"https://m.media-amazon.com/images/I/61CnyJ-IbML._AC_UY218_.jpg 1x, https://m.media-amazon.com/images/I/61CnyJ-IbML._AC_UY327_QL65_.jpg 1.5x, https://m.media-amazon.com/images/I/61CnyJ-IbML._AC_UY436_QL65_.jpg 2x, https://m.media-amazon.com/images/I/61CnyJ-IbML._AC_UY545_QL65_.jpg 2.5x, https://m.media-amazon.com/images/I/61CnyJ-IbML._AC_UY654_QL65_.jpg 3x\" alt=\"OPPO A31 (Fantasy White, 6GB RAM, 128GB Storage) with No Cost EMI/Additional Exchange Offers\" data-image-index=\"7\" data-image-load=\"\" data-image-latency=\"s-product-image\" data-image-source-density=\"1\">", "<img class=\"s-image\" src=\"https://m.media-amazon.com/images/I/911TJ1CDbLL._AC_UY218_.jpg\" srcset=\"https://m.media-amazon.com/images/I/911TJ1CDbLL._AC_UY218_.jpg 1x, https://m.media-amazon.com/images/I/911TJ1CDbLL._AC_UY327_QL65_.jpg 1.5x, https://m.media-amazon.com/images/I/911TJ1CDbLL._AC_UY436_QL65_.jpg 2x, https://m.media-amazon.com/images/I/911TJ1CDbLL._AC_UY545_QL65_.jpg 2.5x, https://m.media-amazon.com/images/I/911TJ1CDbLL._AC_UY654_QL65_.jpg 3x\" alt=\"Redmi 9 Activ (Carbon Black, 4GB RAM, 64GB Storage)\" data-image-index=\"8\" data-image-load=\"\" data-image-latency=\"s-product-image\" data-image-source-density=\"1\">", "<img class=\"s-image\" src=\"https://m.media-amazon.com/images/I/61PGb+YfZWL._AC_UY218_.jpg\" srcset=\"https://m.media-amazon.com/images/I/61PGb+YfZWL._AC_UY218_.jpg 1x, https://m.media-amazon.com/images/I/61PGb+YfZWL._AC_UY327_QL65_.jpg 1.5x, https://m.media-amazon.com/images/I/61PGb+YfZWL._AC_UY436_QL65_.jpg 2x, https://m.media-amazon.com/images/I/61PGb+YfZWL._AC_UY545_QL65_.jpg 2.5x, https://m.media-amazon.com/images/I/61PGb+YfZWL._AC_UY654_QL65_.jpg 3x\" alt=\"realme narzo 50i (Mint Green, 4GB RAM+64GB Storage) - with No Cost EMI/Additional Exchange Offers\" data-image-index=\"9\" data-image-load=\"\" data-image-latency=\"s-product-image\" data-image-source-density=\"1\">", "<img class=\"s-image\" src=\"https://m.media-amazon.com/images/I/71r69Y7BSeL._AC_UY218_.jpg\" srcset=\"https://m.media-amazon.com/images/I/71r69Y7BSeL._AC_UY218_.jpg 1x, https://m.media-amazon.com/images/I/71r69Y7BSeL._AC_UY327_QL65_.jpg 1.5x, https://m.media-amazon.com/images/I/71r69Y7BSeL._AC_UY436_QL65_.jpg 2x, https://m.media-amazon.com/images/I/71r69Y7BSeL._AC_UY545_QL65_.jpg 2.5x, https://m.media-amazon.com/images/I/71r69Y7BSeL._AC_UY654_QL65_.jpg 3x\" alt=\"Samsung Galaxy M12 (Blue,6GB RAM, 128GB Storage) 6 Months Free Screen Replacement for Prime\" data-image-index=\"10\" data-image-load=\"\" data-image-latency=\"s-product-image\" data-image-source-density=\"1\">", "<img class=\"s-image\" src=\"https://m.media-amazon.com/images/I/911TJ1CDbLL._AC_UY218_.jpg\" srcset=\"https://m.media-amazon.com/images/I/911TJ1CDbLL._AC_UY218_.jpg 1x, https://m.media-amazon.com/images/I/911TJ1CDbLL._AC_UY327_QL65_.jpg 1.5x, https://m.media-amazon.com/images/I/911TJ1CDbLL._AC_UY436_QL65_.jpg 2x, https://m.media-amazon.com/images/I/911TJ1CDbLL._AC_UY545_QL65_.jpg 2.5x, https://m.media-amazon.com/images/I/911TJ1CDbLL._AC_UY654_QL65_.jpg 3x\" alt=\"Redmi 9 Activ (Carbon Black, 6GB RAM, 128GB Storage)\" data-image-index=\"11\" data-image-load=\"\" data-image-latency=\"s-product-image\" data-image-source-density=\"1\">", "<img class=\"s-image\" src=\"https://m.media-amazon.com/images/I/71hgVYiuFXL._AC_UY218_.jpg\" srcset=\"https://m.media-amazon.com/images/I/71hgVYiuFXL._AC_UY218_.jpg 1x, https://m.media-amazon.com/images/I/71hgVYiuFXL._AC_UY327_QL65_.jpg 1.5x, https://m.media-amazon.com/images/I/71hgVYiuFXL._AC_UY436_QL65_.jpg 2x, https://m.media-amazon.com/images/I/71hgVYiuFXL._AC_UY545_QL65_.jpg 2.5x, https://m.media-amazon.com/images/I/71hgVYiuFXL._AC_UY654_QL65_.jpg 3x\" alt=\"realme narzo 50A (Oxygen Blue, 4GB RAM + 64GB Storage) - with No Cost EMI/Additional Exchange Offers\" data-image-index=\"12\" data-image-load=\"\" data-image-latency=\"s-product-image\" data-image-source-density=\"1\">", "<img class=\"s-image\" src=\"https://m.media-amazon.com/images/I/71WDInVgYML._AC_UY218_.jpg\" srcset=\"https://m.media-amazon.com/images/I/71WDInVgYML._AC_UY218_.jpg 1x, https://m.media-amazon.com/images/I/71WDInVgYML._AC_UY327_QL65_.jpg 1.5x, https://m.media-amazon.com/images/I/71WDInVgYML._AC_UY436_QL65_.jpg 2x, https://m.media-amazon.com/images/I/71WDInVgYML._AC_UY545_QL65_.jpg 2.5x, https://m.media-amazon.com/images/I/71WDInVgYML._AC_UY654_QL65_.jpg 3x\" alt='Tecno Spark 8T (Atlantic Blue,4GB RAM, 64GB Storage)| 50MP AI Camera | 6.6\" FHD+Display | 5000mAh' data-image-index=\"13\" data-image-load=\"\" data-image-latency=\"s-product-image\" data-image-source-density=\"1\">", "<img class=\"s-image\" src=\"https://m.media-amazon.com/images/I/71AwWtT5AUL._AC_UY218_.jpg\" srcset=\"https://m.media-amazon.com/images/I/71AwWtT5AUL._AC_UY218_.jpg 1x, https://m.media-amazon.com/images/I/71AwWtT5AUL._AC_UY327_QL65_.jpg 1.5x, https://m.media-amazon.com/images/I/71AwWtT5AUL._AC_UY436_QL65_.jpg 2x, https://m.media-amazon.com/images/I/71AwWtT5AUL._AC_UY545_QL65_.jpg 2.5x, https://m.media-amazon.com/images/I/71AwWtT5AUL._AC_UY654_QL65_.jpg 3x\" alt=\"realme narzo 30 (Racing Blue, 6GB RAM, 128GB Storage) - MediaTek Helio G95 processor I Full HD+ display with No Cost EMI/A...\" data-image-index=\"14\" data-image-load=\"\" data-image-latency=\"s-product-image\" data-image-source-density=\"1\">", "<img class=\"s-image\" src=\"https://m.media-amazon.com/images/I/71sxlhYhKWL._AC_UY218_.jpg\" srcset=\"https://m.media-amazon.com/images/I/71sxlhYhKWL._AC_UY218_.jpg 1x, https://m.media-amazon.com/images/I/71sxlhYhKWL._AC_UY327_QL65_.jpg 1.5x, https://m.media-amazon.com/images/I/71sxlhYhKWL._AC_UY436_QL65_.jpg 2x, https://m.media-amazon.com/images/I/71sxlhYhKWL._AC_UY545_QL65_.jpg 2.5x, https://m.media-amazon.com/images/I/71sxlhYhKWL._AC_UY654_QL65_.jpg 3x\" alt=\"Redmi 9A (Midnight Black 2GB RAM 32GB Storage) | 2GHz Octa-core Helio G25 Processor | 5000 mAh Battery\" data-image-index=\"15\" data-image-load=\"\" data-image-latency=\"s-product-image\" data-image-source-density=\"1\">", "<img class=\"s-image\" src=\"https://m.media-amazon.com/images/I/61-OhgSikTL._AC_UY218_.jpg\" srcset=\"https://m.media-amazon.com/images/I/61-OhgSikTL._AC_UY218_.jpg 1x, https://m.media-amazon.com/images/I/61-OhgSikTL._AC_UY327_QL65_.jpg 1.5x, https://m.media-amazon.com/images/I/61-OhgSikTL._AC_UY436_QL65_.jpg 2x, https://m.media-amazon.com/images/I/61-OhgSikTL._AC_UY545_QL65_.jpg 2.5x, https://m.media-amazon.com/images/I/61-OhgSikTL._AC_UY654_QL65_.jpg 3x\" alt=\"Vivo Y21 (Diamond Glow, 4GB RAM, 64GB Storage) with No Cost EMI/Additional Exchange Offers\" data-image-index=\"16\" data-image-load=\"\" data-image-latency=\"s-product-image\" data-image-source-density=\"1\">"]}
][
{"product_name": ["Want to capture stunning photos on your next trip? Try these top camera smartphones", "Smooth and stunning", "Samsung Galaxy S20 FE 5G (Cloud Navy, 8GB RAM, 128GB Storage) with No Cost EMI & Additional Exchange Offers", "4K videos", "New Apple iPhone 12 Pro (128GB) - Graphite", "Great shots", "Samsung Galaxy A70s (Prism Crush Red, 8GB RAM, 128GB Storage)"], "product_price": ["8,999", "11,499", "12,499", "49,990", "94,900", "28,990", "9,499", "6,999", "9,499", "12,990", "9,499", "8,999", "13,499", "11,499", "11,499", "9,499", "15,499", "6,999", "13,990"], "product_imagelink": ["<img alt=\"Mobile Insider by amazon.in | Exclusive content partner Digit.in\" src=\"https://images-na.ssl-images-amazon.com/images/G/31/img20/Wireless/MobileInsider/June/10th/420x420_5._CB429051440_QL95_SY80_.jpg\" class=\"s-image\">", "<img class=\"s-image\" src=\"https://m.media-amazon.com/images/I/71djAn3nxoL._AC_UY218_.jpg\" srcset=\"https://m.media-amazon.com/images/I/71djAn3nxoL._AC_UY218_.jpg 1x, https://m.media-amazon.com/images/I/71djAn3nxoL._AC_UY327_QL65_.jpg 1.5x, https://m.media-amazon.com/images/I/71djAn3nxoL._AC_UY436_QL65_.jpg 2x, https://m.media-amazon.com/images/I/71djAn3nxoL._AC_UY545_QL65_.jpg 2.5x, https://m.media-amazon.com/images/I/71djAn3nxoL._AC_UY654_QL65_.jpg 3x\" alt=\"realme narzo 50i (Carbon Black, 4GB RAM+64GB Storage) - with No Cost EMI/Additional Exchange Offers\" data-image-index=\"1\" data-image-load=\"\" data-image-latency=\"s-product-image\" data-image-source-density=\"1\">", "<img class=\"s-image\" src=\"https://m.media-amazon.com/images/I/71r69Y7BSeL._AC_UY218_.jpg\" srcset=\"https://m.media-amazon.com/images/I/71r69Y7BSeL._AC_UY218_.jpg 1x, https://m.media-amazon.com/images/I/71r69Y7BSeL._AC_UY327_QL65_.jpg 1.5x, https://m.media-amazon.com/images/I/71r69Y7BSeL._AC_UY436_QL65_.jpg 2x, https://m.media-amazon.com/images/I/71r69Y7BSeL._AC_UY545_QL65_.jpg 2.5x, https://m.media-amazon.com/images/I/71r69Y7BSeL._AC_UY654_QL65_.jpg 3x\" alt=\"Samsung Galaxy M12 (Blue,4GB RAM, 64GB Storage) 6000 mAh with 8nm Processor | True 48 MP Quad Camera | 90Hz Refresh Rate\" data-image-index=\"2\" data-image-load=\"\" data-image-latency=\"s-product-image\" data-image-source-density=\"1\">", "<img class=\"s-image\" src=\"https://m.media-amazon.com/images/I/817clKAKcqL._AC_UY218_.jpg\" srcset=\"https://m.media-amazon.com/images/I/817clKAKcqL._AC_UY218_.jpg 1x, https://m.media-amazon.com/images/I/817clKAKcqL._AC_UY327_QL65_.jpg 1.5x, https://m.media-amazon.com/images/I/817clKAKcqL._AC_UY436_QL65_.jpg 2x, https://m.media-amazon.com/images/I/817clKAKcqL._AC_UY545_QL65_.jpg 2.5x, https://m.media-amazon.com/images/I/817clKAKcqL._AC_UY654_QL65_.jpg 3x\" alt=\"Redmi 10 Prime (Phantom Black 4GB RAM 64GB | Helio G88 with extendable RAM Upto 2GB | FHD+ 90Hz Adaptive Sync Display)\" data-image-index=\"3\" data-image-load=\"\" data-image-latency=\"s-product-image\" data-image-source-density=\"1\">", "<img class=\"s-image\" src=\"https://m.media-amazon.com/images/I/81vDZyJQ-4L._AC_UL320_.jpg\" srcset=\"https://m.media-amazon.com/images/I/81vDZyJQ-4L._AC_UL320_.jpg 1x, https://m.media-amazon.com/images/I/81vDZyJQ-4L._AC_UL480_QL65_.jpg 1.5x, https://m.media-amazon.com/images/I/81vDZyJQ-4L._AC_UL640_QL65_.jpg 2x, https://m.media-amazon.com/images/I/81vDZyJQ-4L._AC_UL800_QL65_.jpg 2.5x, https://m.media-amazon.com/images/I/81vDZyJQ-4L._AC_UL960_QL65_.jpg 3x\" alt=\"Samsung Galaxy S20 FE 5G (Cloud Navy, 8GB RAM, 128GB Storage) with No Cost EMI &amp; Additional Exchange Offers\" data-image-index=\"1\" data-image-load=\"\" data-image-latency=\"s-product-image\" data-image-source-density=\"1\">", "<img class=\"s-image\" src=\"https://m.media-amazon.com/images/I/71YlH-4MUQL._AC_UL320_.jpg\" srcset=\"https://m.media-amazon.com/images/I/71YlH-4MUQL._AC_UL320_.jpg 1x, https://m.media-amazon.com/images/I/71YlH-4MUQL._AC_UL480_QL65_.jpg 1.5x, https://m.media-amazon.com/images/I/71YlH-4MUQL._AC_UL640_QL65_.jpg 2x, https://m.media-amazon.com/images/I/71YlH-4MUQL._AC_UL800_QL65_.jpg 2.5x, https://m.media-amazon.com/images/I/71YlH-4MUQL._AC_UL960_QL65_.jpg 3x\" alt=\"New Apple iPhone 12 Pro (128GB) - Graphite\" data-image-index=\"2\" data-image-load=\"\" data-image-latency=\"s-product-image\" data-image-source-density=\"1\">", "<img class=\"s-image\" src=\"https://m.media-amazon.com/images/I/41ekkfTBh7L._AC_UL320_.jpg\" srcset=\"https://m.media-amazon.com/images/I/41ekkfTBh7L._AC_UL320_.jpg 1x, https://m.media-amazon.com/images/I/41ekkfTBh7L._AC_UL480_QL65_.jpg 1.5x, https://m.media-amazon.com/images/I/41ekkfTBh7L._AC_UL640_QL65_.jpg 2x, https://m.media-amazon.com/images/I/41ekkfTBh7L._AC_UL800_QL65_.jpg 2.5x, https://m.media-amazon.com/images/I/41ekkfTBh7L._AC_UL960_QL65_.jpg 3x\" alt=\"Samsung Galaxy A70s (Prism Crush Red, 8GB RAM, 128GB Storage)\" data-image-index=\"3\" data-image-load=\"\" data-image-latency=\"s-product-image\" data-image-source-density=\"1\">", "<img class=\"s-image\" src=\"https://m.media-amazon.com/images/I/81aWyRY67SS._AC_UY218_.jpg\" srcset=\"https://m.media-amazon.com/images/I/81aWyRY67SS._AC_UY218_.jpg 1x, https://m.media-amazon.com/images/I/81aWyRY67SS._AC_UY327_QL65_.jpg 1.5x, https://m.media-amazon.com/images/I/81aWyRY67SS._AC_UY436_QL65_.jpg 2x, https://m.media-amazon.com/images/I/81aWyRY67SS._AC_UY545_QL65_.jpg 2.5x, https://m.media-amazon.com/images/I/81aWyRY67SS._AC_UY654_QL65_.jpg 3x\" alt=\"Tecno Spark 7T(Jewel Blue, 4GB RAM, 64GB Storage) 6000 mAh Battery| 48 MP AI Dual Rear Camera\" data-image-index=\"4\" data-image-load=\"\" data-image-latency=\"s-product-image\" data-image-source-density=\"1\">", "<img class=\"s-image\" src=\"https://m.media-amazon.com/images/I/71sxlhYhKWL._AC_UY218_.jpg\" srcset=\"https://m.media-amazon.com/images/I/71sxlhYhKWL._AC_UY218_.jpg 1x, https://m.media-amazon.com/images/I/71sxlhYhKWL._AC_UY327_QL65_.jpg 1.5x, https://m.media-amazon.com/images/I/71sxlhYhKWL._AC_UY436_QL65_.jpg 2x, https://m.media-amazon.com/images/I/71sxlhYhKWL._AC_UY545_QL65_.jpg 2.5x, https://m.media-amazon.com/images/I/71sxlhYhKWL._AC_UY654_QL65_.jpg 3x\" alt=\"Redmi 9A (Nature Green, 2GB RAM, 32GB Storage) | 2GHz Octa-core Helio G25 Processor | 5000 mAh Battery\" data-image-index=\"5\" data-image-load=\"\" data-image-latency=\"s-product-image\" data-image-source-density=\"1\">", "<img class=\"s-image\" src=\"https://m.media-amazon.com/images/I/71A9Vo1BatL._AC_UY218_.jpg\" srcset=\"https://m.media-amazon.com/images/I/71A9Vo1BatL._AC_UY218_.jpg 1x, https://m.media-amazon.com/images/I/71A9Vo1BatL._AC_UY327_QL65_.jpg 1.5x, https://m.media-amazon.com/images/I/71A9Vo1BatL._AC_UY436_QL65_.jpg 2x, https://m.media-amazon.com/images/I/71A9Vo1BatL._AC_UY545_QL65_.jpg 2.5x, https://m.media-amazon.com/images/I/71A9Vo1BatL._AC_UY654_QL65_.jpg 3x\" alt=\"Redmi 9 (Sporty Orange, 4GB RAM, 64GB Storage) | 2.3GHz Mediatek Helio G35 Octa core Processor\" data-image-index=\"6\" data-image-load=\"\" data-image-latency=\"s-product-image\" data-image-source-density=\"1\">", "<img class=\"s-image\" src=\"https://m.media-amazon.com/images/I/61CnyJ-IbML._AC_UY218_.jpg\" srcset=\"https://m.media-amazon.com/images/I/61CnyJ-IbML._AC_UY218_.jpg 1x, https://m.media-amazon.com/images/I/61CnyJ-IbML._AC_UY327_QL65_.jpg 1.5x, https://m.media-amazon.com/images/I/61CnyJ-IbML._AC_UY436_QL65_.jpg 2x, https://m.media-amazon.com/images/I/61CnyJ-IbML._AC_UY545_QL65_.jpg 2.5x, https://m.media-amazon.com/images/I/61CnyJ-IbML._AC_UY654_QL65_.jpg 3x\" alt=\"OPPO A31 (Fantasy White, 6GB RAM, 128GB Storage) with No Cost EMI/Additional Exchange Offers\" data-image-index=\"7\" data-image-load=\"\" data-image-latency=\"s-product-image\" data-image-source-density=\"1\">", "<img class=\"s-image\" src=\"https://m.media-amazon.com/images/I/911TJ1CDbLL._AC_UY218_.jpg\" srcset=\"https://m.media-amazon.com/images/I/911TJ1CDbLL._AC_UY218_.jpg 1x, https://m.media-amazon.com/images/I/911TJ1CDbLL._AC_UY327_QL65_.jpg 1.5x, https://m.media-amazon.com/images/I/911TJ1CDbLL._AC_UY436_QL65_.jpg 2x, https://m.media-amazon.com/images/I/911TJ1CDbLL._AC_UY545_QL65_.jpg 2.5x, https://m.media-amazon.com/images/I/911TJ1CDbLL._AC_UY654_QL65_.jpg 3x\" alt=\"Redmi 9 Activ (Carbon Black, 4GB RAM, 64GB Storage)\" data-image-index=\"8\" data-image-load=\"\" data-image-latency=\"s-product-image\" data-image-source-density=\"1\">", "<img class=\"s-image\" src=\"https://m.media-amazon.com/images/I/61PGb+YfZWL._AC_UY218_.jpg\" srcset=\"https://m.media-amazon.com/images/I/61PGb+YfZWL._AC_UY218_.jpg 1x, https://m.media-amazon.com/images/I/61PGb+YfZWL._AC_UY327_QL65_.jpg 1.5x, https://m.media-amazon.com/images/I/61PGb+YfZWL._AC_UY436_QL65_.jpg 2x, https://m.media-amazon.com/images/I/61PGb+YfZWL._AC_UY545_QL65_.jpg 2.5x, https://m.media-amazon.com/images/I/61PGb+YfZWL._AC_UY654_QL65_.jpg 3x\" alt=\"realme narzo 50i (Mint Green, 4GB RAM+64GB Storage) - with No Cost EMI/Additional Exchange Offers\" data-image-index=\"9\" data-image-load=\"\" data-image-latency=\"s-product-image\" data-image-source-density=\"1\">", "<img class=\"s-image\" src=\"https://m.media-amazon.com/images/I/71r69Y7BSeL._AC_UY218_.jpg\" srcset=\"https://m.media-amazon.com/images/I/71r69Y7BSeL._AC_UY218_.jpg 1x, https://m.media-amazon.com/images/I/71r69Y7BSeL._AC_UY327_QL65_.jpg 1.5x, https://m.media-amazon.com/images/I/71r69Y7BSeL._AC_UY436_QL65_.jpg 2x, https://m.media-amazon.com/images/I/71r69Y7BSeL._AC_UY545_QL65_.jpg 2.5x, https://m.media-amazon.com/images/I/71r69Y7BSeL._AC_UY654_QL65_.jpg 3x\" alt=\"Samsung Galaxy M12 (Blue,6GB RAM, 128GB Storage) 6 Months Free Screen Replacement for Prime\" data-image-index=\"10\" data-image-load=\"\" data-image-latency=\"s-product-image\" data-image-source-density=\"1\">", "<img class=\"s-image\" src=\"https://m.media-amazon.com/images/I/911TJ1CDbLL._AC_UY218_.jpg\" srcset=\"https://m.media-amazon.com/images/I/911TJ1CDbLL._AC_UY218_.jpg 1x, https://m.media-amazon.com/images/I/911TJ1CDbLL._AC_UY327_QL65_.jpg 1.5x, https://m.media-amazon.com/images/I/911TJ1CDbLL._AC_UY436_QL65_.jpg 2x, https://m.media-amazon.com/images/I/911TJ1CDbLL._AC_UY545_QL65_.jpg 2.5x, https://m.media-amazon.com/images/I/911TJ1CDbLL._AC_UY654_QL65_.jpg 3x\" alt=\"Redmi 9 Activ (Carbon Black, 6GB RAM, 128GB Storage)\" data-image-index=\"11\" data-image-load=\"\" data-image-latency=\"s-product-image\" data-image-source-density=\"1\">", "<img class=\"s-image\" src=\"https://m.media-amazon.com/images/I/71hgVYiuFXL._AC_UY218_.jpg\" srcset=\"https://m.media-amazon.com/images/I/71hgVYiuFXL._AC_UY218_.jpg 1x, https://m.media-amazon.com/images/I/71hgVYiuFXL._AC_UY327_QL65_.jpg 1.5x, https://m.media-amazon.com/images/I/71hgVYiuFXL._AC_UY436_QL65_.jpg 2x, https://m.media-amazon.com/images/I/71hgVYiuFXL._AC_UY545_QL65_.jpg 2.5x, https://m.media-amazon.com/images/I/71hgVYiuFXL._AC_UY654_QL65_.jpg 3x\" alt=\"realme narzo 50A (Oxygen Blue, 4GB RAM + 64GB Storage) - with No Cost EMI/Additional Exchange Offers\" data-image-index=\"12\" data-image-load=\"\" data-image-latency=\"s-product-image\" data-image-source-density=\"1\">", "<img class=\"s-image\" src=\"https://m.media-amazon.com/images/I/71WDInVgYML._AC_UY218_.jpg\" srcset=\"https://m.media-amazon.com/images/I/71WDInVgYML._AC_UY218_.jpg 1x, https://m.media-amazon.com/images/I/71WDInVgYML._AC_UY327_QL65_.jpg 1.5x, https://m.media-amazon.com/images/I/71WDInVgYML._AC_UY436_QL65_.jpg 2x, https://m.media-amazon.com/images/I/71WDInVgYML._AC_UY545_QL65_.jpg 2.5x, https://m.media-amazon.com/images/I/71WDInVgYML._AC_UY654_QL65_.jpg 3x\" alt='Tecno Spark 8T (Atlantic Blue,4GB RAM, 64GB Storage)| 50MP AI Camera | 6.6\" FHD+Display | 5000mAh' data-image-index=\"13\" data-image-load=\"\" data-image-latency=\"s-product-image\" data-image-source-density=\"1\">", "<img class=\"s-image\" src=\"https://m.media-amazon.com/images/I/71AwWtT5AUL._AC_UY218_.jpg\" srcset=\"https://m.media-amazon.com/images/I/71AwWtT5AUL._AC_UY218_.jpg 1x, https://m.media-amazon.com/images/I/71AwWtT5AUL._AC_UY327_QL65_.jpg 1.5x, https://m.media-amazon.com/images/I/71AwWtT5AUL._AC_UY436_QL65_.jpg 2x, https://m.media-amazon.com/images/I/71AwWtT5AUL._AC_UY545_QL65_.jpg 2.5x, https://m.media-amazon.com/images/I/71AwWtT5AUL._AC_UY654_QL65_.jpg 3x\" alt=\"realme narzo 30 (Racing Blue, 6GB RAM, 128GB Storage) - MediaTek Helio G95 processor I Full HD+ display with No Cost EMI/A...\" data-image-index=\"14\" data-image-load=\"\" data-image-latency=\"s-product-image\" data-image-source-density=\"1\">", "<img class=\"s-image\" src=\"https://m.media-amazon.com/images/I/71sxlhYhKWL._AC_UY218_.jpg\" srcset=\"https://m.media-amazon.com/images/I/71sxlhYhKWL._AC_UY218_.jpg 1x, https://m.media-amazon.com/images/I/71sxlhYhKWL._AC_UY327_QL65_.jpg 1.5x, https://m.media-amazon.com/images/I/71sxlhYhKWL._AC_UY436_QL65_.jpg 2x, https://m.media-amazon.com/images/I/71sxlhYhKWL._AC_UY545_QL65_.jpg 2.5x, https://m.media-amazon.com/images/I/71sxlhYhKWL._AC_UY654_QL65_.jpg 3x\" alt=\"Redmi 9A (Midnight Black 2GB RAM 32GB Storage) | 2GHz Octa-core Helio G25 Processor | 5000 mAh Battery\" data-image-index=\"15\" data-image-load=\"\" data-image-latency=\"s-product-image\" data-image-source-density=\"1\">", "<img class=\"s-image\" src=\"https://m.media-amazon.com/images/I/61-OhgSikTL._AC_UY218_.jpg\" srcset=\"https://m.media-amazon.com/images/I/61-OhgSikTL._AC_UY218_.jpg 1x, https://m.media-amazon.com/images/I/61-OhgSikTL._AC_UY327_QL65_.jpg 1.5x, https://m.media-amazon.com/images/I/61-OhgSikTL._AC_UY436_QL65_.jpg 2x, https://m.media-amazon.com/images/I/61-OhgSikTL._AC_UY545_QL65_.jpg 2.5x, https://m.media-amazon.com/images/I/61-OhgSikTL._AC_UY654_QL65_.jpg 3x\" alt=\"Vivo Y21 (Diamond Glow, 4GB RAM, 64GB Storage) with No Cost EMI/Additional Exchange Offers\" data-image-index=\"16\" data-image-load=\"\" data-image-latency=\"s-product-image\" data-image-source-density=\"1\">"]}
][
{"product_name": [], "product_price": ["7,499"], "product_imagelink": ["https://m.media-amazon.com/images/I/71sxlhYhKWL._AC_UY218_.jpg 1x, https://m.media-amazon.com/images/I/71sxlhYhKWL._AC_UY327_QL65_.jpg 1.5x, https://m.media-amazon.com/images/I/71sxlhYhKWL._AC_UY436_QL65_.jpg 2x, https://m.media-amazon.com/images/I/71sxlhYhKWL._AC_UY545_QL65_.jpg 2.5x, https://m.media-amazon.com/images/I/71sxlhYhKWL._AC_UY654_QL65_.jpg 3x"]},
{"product_name": [], "product_price": ["12,990"], "product_imagelink": ["https://m.media-amazon.com/images/I/61CnyJ-IbML._AC_UY218_.jpg 1x, https://m.media-amazon.com/images/I/61CnyJ-IbML._AC_UY327_QL65_.jpg 1.5x, https://m.media-amazon.com/images/I/61CnyJ-IbML._AC_UY436_QL65_.jpg 2x, https://m.media-amazon.com/images/I/61CnyJ-IbML._AC_UY545_QL65_.jpg 2.5x, https://m.media-amazon.com/images/I/61CnyJ-IbML._AC_UY654_QL65_.jpg 3x"]},
{"product_name": [], "product_price": ["9,499"], "product_imagelink": ["https://m.media-amazon.com/images/I/91kAtEXPIeL._AC_UY218_.jpg 1x, https://m.media-amazon.com/images/I/91kAtEXPIeL._AC_UY327_QL65_.jpg 1.5x, https://m.media-amazon.com/images/I/91kAtEXPIeL._AC_UY436_QL65_.jpg 2x, https://m.media-amazon.com/images/I/91kAtEXPIeL._AC_UY545_QL65_.jpg 2.5x, https://m.media-amazon.com/images/I/91kAtEXPIeL._AC_UY654_QL65_.jpg 3x"]},
{"product_name": [], "product_price": ["12,499"], "product_imagelink": ["https://m.media-amazon.com/images/I/817clKAKcqL._AC_UY218_.jpg 1x, https://m.media-amazon.com/images/I/817clKAKcqL._AC_UY327_QL65_.jpg 1.5x, https://m.media-amazon.com/images/I/817clKAKcqL._AC_UY436_QL65_.jpg 2x, https://m.media-amazon.com/images/I/817clKAKcqL._AC_UY545_QL65_.jpg 2.5x, https://m.media-amazon.com/images/I/817clKAKcqL._AC_UY654_QL65_.jpg 3x"]},
{"product_name": [], "product_price": ["11,499"], "product_imagelink": ["https://m.media-amazon.com/images/I/71r69Y7BSeL._AC_UY218_.jpg 1x, https://m.media-amazon.com/images/I/71r69Y7BSeL._AC_UY327_QL65_.jpg 1.5x, https://m.media-amazon.com/images/I/71r69Y7BSeL._AC_UY436_QL65_.jpg 2x, https://m.media-amazon.com/images/I/71r69Y7BSeL._AC_UY545_QL65_.jpg 2.5x, https://m.media-amazon.com/images/I/71r69Y7BSeL._AC_UY654_QL65_.jpg 3x"]},
{"product_name": [], "product_price": ["7,499"], "product_imagelink": ["https://m.media-amazon.com/images/I/61PGb+YfZWL._AC_UY218_.jpg 1x, https://m.media-amazon.com/images/I/61PGb+YfZWL._AC_UY327_QL65_.jpg 1.5x, https://m.media-amazon.com/images/I/61PGb+YfZWL._AC_UY436_QL65_.jpg 2x, https://m.media-amazon.com/images/I/61PGb+YfZWL._AC_UY545_QL65_.jpg 2.5x, https://m.media-amazon.com/images/I/61PGb+YfZWL._AC_UY654_QL65_.jpg 3x"]},
{"product_name": [], "product_price": ["11,499"], "product_imagelink": ["https://m.media-amazon.com/images/I/911TJ1CDbLL._AC_UY218_.jpg 1x, https://m.media-amazon.com/images/I/911TJ1CDbLL._AC_UY327_QL65_.jpg 1.5x, https://m.media-amazon.com/images/I/911TJ1CDbLL._AC_UY436_QL65_.jpg 2x, https://m.media-amazon.com/images/I/911TJ1CDbLL._AC_UY545_QL65_.jpg 2.5x, https://m.media-amazon.com/images/I/911TJ1CDbLL._AC_UY654_QL65_.jpg 3x"]},
{"product_name": [], "product_price": ["7,499"], "product_imagelink": ["https://m.media-amazon.com/images/I/71sxlhYhKWL._AC_UY218_.jpg 1x, https://m.media-amazon.com/images/I/71sxlhYhKWL._AC_UY327_QL65_.jpg 1.5x, https://m.media-amazon.com/images/I/71sxlhYhKWL._AC_UY436_QL65_.jpg 2x, https://m.media-amazon.com/images/I/71sxlhYhKWL._AC_UY545_QL65_.jpg 2.5x, https://m.media-amazon.com/images/I/71sxlhYhKWL._AC_UY654_QL65_.jpg 3x"]},
{"product_name": [], "product_price": ["12,990"], "product_imagelink": ["https://m.media-amazon.com/images/I/71KCwNV6MuL._AC_UY218_.jpg 1x, https://m.media-amazon.com/images/I/71KCwNV6MuL._AC_UY327_QL65_.jpg 1.5x, https://m.media-amazon.com/images/I/71KCwNV6MuL._AC_UY436_QL65_.jpg 2x, https://m.media-amazon.com/images/I/71KCwNV6MuL._AC_UY545_QL65_.jpg 2.5x, https://m.media-amazon.com/images/I/71KCwNV6MuL._AC_UY654_QL65_.jpg 3x"]},
{"product_name": [], "product_price": ["9,499"], "product_imagelink": ["https://m.media-amazon.com/images/I/919IyPIfczL._AC_UY218_.jpg 1x, https://m.media-amazon.com/images/I/919IyPIfczL._AC_UY327_QL65_.jpg 1.5x, https://m.media-amazon.com/images/I/919IyPIfczL._AC_UY436_QL65_.jpg 2x, https://m.media-amazon.com/images/I/919IyPIfczL._AC_UY545_QL65_.jpg 2.5x, https://m.media-amazon.com/images/I/919IyPIfczL._AC_UY654_QL65_.jpg 3x"]},
{"product_name": [], "product_price": ["13,499"], "product_imagelink": ["https://m.media-amazon.com/images/I/71r69Y7BSeL._AC_UY218_.jpg 1x, https://m.media-amazon.com/images/I/71r69Y7BSeL._AC_UY327_QL65_.jpg 1.5x, https://m.media-amazon.com/images/I/71r69Y7BSeL._AC_UY436_QL65_.jpg 2x, https://m.media-amazon.com/images/I/71r69Y7BSeL._AC_UY545_QL65_.jpg 2.5x, https://m.media-amazon.com/images/I/71r69Y7BSeL._AC_UY654_QL65_.jpg 3x"]},
{"product_name": [], "product_price": ["17,990"], "product_imagelink": ["https://m.media-amazon.com/images/I/71poFSdDs5S._AC_UY218_.jpg 1x, https://m.media-amazon.com/images/I/71poFSdDs5S._AC_UY327_QL65_.jpg 1.5x, https://m.media-amazon.com/images/I/71poFSdDs5S._AC_UY436_QL65_.jpg 2x, https://m.media-amazon.com/images/I/71poFSdDs5S._AC_UY545_QL65_.jpg 2.5x, https://m.media-amazon.com/images/I/71poFSdDs5S._AC_UY654_QL65_.jpg 3x"]},
{"product_name": [], "product_price": ["11,499"], "product_imagelink": ["https://m.media-amazon.com/images/I/7162Y5fPdkL._AC_UY218_.jpg 1x, https://m.media-amazon.com/images/I/7162Y5fPdkL._AC_UY327_QL65_.jpg 1.5x, https://m.media-amazon.com/images/I/7162Y5fPdkL._AC_UY436_QL65_.jpg 2x, https://m.media-amazon.com/images/I/7162Y5fPdkL._AC_UY545_QL65_.jpg 2.5x, https://m.media-amazon.com/images/I/7162Y5fPdkL._AC_UY654_QL65_.jpg 3x"]},
{"product_name": [], "product_price": ["13,499"], "product_imagelink": ["https://m.media-amazon.com/images/I/7162Y5fPdkL._AC_UY218_.jpg 1x, https://m.media-amazon.com/images/I/7162Y5fPdkL._AC_UY327_QL65_.jpg 1.5x, https://m.media-amazon.com/images/I/7162Y5fPdkL._AC_UY436_QL65_.jpg 2x, https://m.media-amazon.com/images/I/7162Y5fPdkL._AC_UY545_QL65_.jpg 2.5x, https://m.media-amazon.com/images/I/7162Y5fPdkL._AC_UY654_QL65_.jpg 3x"]},
{"product_name": [], "product_price": [], "product_imagelink": ["https://m.media-amazon.com/images/I/81aWyRY67SS._AC_UY218_.jpg 1x, https://m.media-amazon.com/images/I/81aWyRY67SS._AC_UY327_QL65_.jpg 1.5x, https://m.media-amazon.com/images/I/81aWyRY67SS._AC_UY436_QL65_.jpg 2x, https://m.media-amazon.com/images/I/81aWyRY67SS._AC_UY545_QL65_.jpg 2.5x, https://m.media-amazon.com/images/I/81aWyRY67SS._AC_UY654_QL65_.jpg 3x"]},
{"product_name": [], "product_price": ["9,999"], "product_imagelink": ["https://m.media-amazon.com/images/I/71WDInVgYML._AC_UY218_.jpg 1x, https://m.media-amazon.com/images/I/71WDInVgYML._AC_UY327_QL65_.jpg 1.5x, https://m.media-amazon.com/images/I/71WDInVgYML._AC_UY436_QL65_.jpg 2x, https://m.media-amazon.com/images/I/71WDInVgYML._AC_UY545_QL65_.jpg 2.5x, https://m.media-amazon.com/images/I/71WDInVgYML._AC_UY654_QL65_.jpg 3x"]}
]